first_name,last_name,email,gender,ip_address
Mildred,Hernandez,mhernandez0@github.io,Female,38.194.51.128
Bonnie,Ortiz,bortiz1@cyberchimps.com,Female,197.54.209.129
Dennis,Henry,dhenry2@hubpages.com,Male,155.75.186.217
first_name,last_name,email,gender,ip_address
Mildred,Hernandez,mhernandez0@github.io,Female,38.194.51.128
Bonnie,Ortiz,bortiz1@cyberchimps.com,Female,197.54.209.129
Dennis,Henry,dhenry2@hubpages.com,Male,155.75.186.217
first_name,last_name,email,gender,ip_address
Mildred,Hernandez,mhernandez0@github.io,Female,38.194.51.128
Bonnie,Ortiz,bortiz1@cyberchimps.com,Female,197.54.209.129
Dennis,Henry,dhenry2@hubpages.com,Male,155.75.186.217
first_name,last_name,email,gender,ip_address
Mildred,Hernandez,mhernandez0@github.io,Female,38.194.51.128
Bonnie,Ortiz,bortiz1@cyberchimps.com,Female,197.54.209.129
Dennis,Henry,dhenry2@hubpages.com,Male,155.75.186.217